id,First Name,Last Name,Date Of Birth,Date Added
1,Helenka,Bristowe,1971-02-18,2021-12-27
2,Hanna,O'Cahey,1975-02-20,2021-10-06
3,Guillema,Rubroe,1980-12-14,2021-10-27
4,Karoly,Kneebone,1991-08-25,2021-11-04
5,Aline,Killigrew,1970-01-08,2021-09-08
6,Myrvyn,Beaby,1961-10-29,2021-07-25
7,Anastassia,Poznanski,1961-03-11,2021-09-20
8,Marijo,Pessel,1960-03-23,2021-06-27
9,Web,Cristofor,1984-05-30,2021-09-13
10,Cornelia,Hovington,1995-08-24,2021-08-12
11,Ryann,Grabeham,1995-03-29,2021-09-27
12,Jeanelle,Feaster,1961-07-08,2021-05-24
13,Jaime,Shurrocks,1983-09-06,2021-09-03
14,Paulie,Quilkin,1984-08-21,2021-06-07
15,Charlot,Digginson,1967-12-14,2021-08-07
16,Adlai,Sorrell,1985-12-18,2021-05-13
17,Bernette,Draayer,1962-05-12,2021-08-25
18,Ardelle,Staynes,1988-03-05,2021-08-08
19,Efren,Seywood,1990-09-21,2021-09-02
20,Emlyn,Petruskevich,1970-03-20,2021-10-14
21,Frayda,Ripper,1977-12-13,2021-04-30
22,Bryna,Jorin,1969-03-24,2021-07-27
23,Alanna,McGebenay,1962-02-02,2021-04-15
24,Ethan,MacClenan,1978-11-15,2021-06-01
25,Casar,Carek,1962-05-09,2021-09-12
26,Sheppard,Kenealy,1955-08-11,2021-07-07
27,Sheilah,Allward,1989-01-10,2021-08-09
28,Damiano,Heggie,1984-11-28,2021-06-05
29,Carley,Ferrey,1979-03-07,2021-12-28
30,Patrica,Duiguid,1986-03-10,2021-11-02
31,Letizia,Wehner,1961-06-23,2021-08-09
32,Lyn,Byfford,1956-09-24,2022-01-14
33,Cameron,Budget,1991-07-21,2021-12-03
34,Humfried,Cornes,1980-03-14,2022-02-03
35,Meryl,Wheowall,1994-02-16,2021-10-06
36,Giffy,Looney,1958-01-13,2021-03-30
37,Alyson,MacSporran,1991-08-21,2021-10-21
38,Milli,Swallwell,2000-03-23,2021-04-28
39,Rafaelia,Ygo,1990-12-19,2021-09-04
40,Hermione,Brockwell,1980-05-29,2021-10-08
41,Korry,Perrinchief,1969-08-17,2021-03-31
42,Clari,Bonwick,1978-11-06,2021-09-21
43,Lionello,Skarman,1971-12-15,2021-12-24
44,Willetta,Dumsday,1995-04-06,2021-10-25
45,Olympie,Dorking,1982-06-28,2021-11-18
46,Lucita,Larraway,1961-05-25,2021-08-08
47,Madel,Browett,1996-08-06,2022-01-14
48,Hersch,Stillert,1959-06-01,2021-06-20
49,Garreth,Degue,1978-02-24,2021-10-25
50,Lina,Sent,1977-11-08,2021-08-24
51,Samson,Vann,1959-08-17,2021-11-13
52,Terry,Ramey,1977-01-21,2021-10-17
53,Celeste,Gaskarth,1957-06-05,2021-04-08
54,Stavro,Cicco,1972-07-13,2021-02-22
55,Berti,Gellett,1971-03-04,2021-04-26
56,Blanca,Blacksland,1956-03-13,2021-08-03
57,Leland,Soltan,1968-07-19,2022-01-04
58,Lenee,Potier,1968-01-18,2021-08-02
59,Howie,Lamplough,1995-11-06,2021-10-11
60,Roxy,Cumber,1983-11-01,2021-10-25
